Workbook
Name Slicer_Cuisine: #N/A
Name Timeline_OrderDate: #N/A

Sheet Dashboard
A1: EXECUTIVE FOOD DELIVERY PERFORMANCE DASHBOARD (Task 3)
A2: Status | B2: (All)
B4: Column Labels
B5: East | D5: North | F5: South | H5: Total Total Revenue | I5: Total Avg Revenue Per Order
A6: Row Labels | B6: Total Revenue | C6: Avg Revenue Per Order | D6: Total Revenue | E6: Avg Revenue Per Order | F6: Total Revenue | G6: Avg Revenue Per Order
A7: Biryani | B7: 3280 | C7: 820 | D7: 3350 | E7: 837.5 | F7: 3490 | G7: 872.5 | H7: 10120 | I7: 843.33333
A8: Grand Total | B8: 3280 | C8: 820 | D8: 3350 | E8: 837.5 | F8: 3490 | G8: 872.5 | H8: 10120 | I8: 843.33333
A20: Row Labels | B20: Order Count
A21: Qtr1 | B21: 31
A22: Jan | B22: 9
A23: Feb | B23: 10
A24: Mar | B24: 12
A25: Qtr2 | B25: 29
A26: Apr | B26: 29
A27: Grand Total | B27: 60

Sheet Stats Summary
A1: DELIVERY TIME PERFORMANCE EDA (Task 4)
A3: Metric Label | B3: Excel Function | C3: Calculated Value | D3: Unit / Notes
A4: Mean | B4: AVERAGE | C4: =AVERAGE(tblOrders[DeliveryTime]) -> 35.05 | D4: Arithmetic average
A5: Median | B5: MEDIAN | C5: =MEDIAN(tblOrders[DeliveryTime]) -> 32 | D5: 50th percentile (typical time)
A6: Mode | B6: MODE.SNGL | C6: =_xlfn.MODE.SNGL(tblOrders[DeliveryTime]) -> 29 | D6: Most frequent delivery time
A7: Standard Deviation | B7: STDEV.S | C7: =_xlfn.STDEV.S(tblOrders[DeliveryTime]) -> 13.95565 | D7: Sample standard deviation
A8: Variance | B8: VAR.S | C8: =_xlfn.VAR.S(tblOrders[DeliveryTime]) -> 194.76017 | D8: Sample variance
A9: Minimum | B9: MIN | C9: =MIN(tblOrders[DeliveryTime]) -> 18 | D9: Fastest delivery recorded
A10: Maximum | B10: MAX | C10: =MAX(tblOrders[DeliveryTime]) -> 88 | D10: Slowest delivery recorded
A11: 25th Percentile (Q1) | B11: QUARTILE.INC(..., 1) | C11: =_xlfn.QUARTILE.INC(tblOrders[DeliveryTime], 1) -> 26 | D11: First quartile
A12: 75th Percentile (Q3) | B12: QUARTILE.INC(..., 3) | C12: =_xlfn.QUARTILE.INC(tblOrders[DeliveryTime], 3) -> 39.25 | D12: Third quartile
A13: Interquartile Range (IQR) | B13: Q3 - Q1 | C13: =C12-C11 -> 13.25 | D13: Spread of middle 50%
A14: Lower Bound (Outliers) | B14: Q1 - 1.5 * IQR | C14: =C11-(1.5*C13) -> 6.125 | D14: Values below this are outliers
A15: Upper Bound (Outliers) | B15: Q3 + 1.5 * IQR | C15: =C12+(1.5*C13) -> 59.125 | D15: Values above this are outliers
A16: Outlier Count | B16: COUNTIF(..., "Yes") | C16: =COUNTIF(tblOrders[Outlier Flag], "Yes") -> 4 | D16: Total flagged outlier deliveries

Sheet Premium Orders
A1: ADVANCED FILTER CRITERIA
A2: Status | B2: Revenue | C2: Rating
A3: Delivered | B3: >500 | C3: >=4
A5: EXTRACTED PREMIUM ORDERS (Status='Delivered' AND Revenue>500 AND Rating>=4)
A6: OrderID | B6: CustomerName | C6: RestaurantID | D6: RestaurantName | E6: Zone | F6: Cuisine | G6: OrderDate | H6: DeliveryTime | I6: Rating | J6: Revenue | K6: Status | L6: Orders | M6: Outlier Flag
A7: ORD1001 | B7: Aarav Sharma | C7: R101 | D7: Punjab Grill | E7: North | F7: North Indian | G7: 45296 | H7: 25 | I7: 5 | J7: 850 | K7: Delivered | L7: 1 | M7: No
A8: ORD1002 | B8: Diya Patel | C8: R102 | D8: Bella Italia | E8: South | F8: Italian | G8: 45299 | H8: 32 | I8: 4 | J8: 620 | K8: Delivered | L8: 1 | M8: No
A9: ORD1005 | B9: Kabir Mehta | C9: R105 | D9: Biryani By Kilo | E9: East | F9: Biryani | G9: 45309 | H9: 38 | I9: 4 | J9: 780 | K9: Delivered | L9: 1 | M9: No
A10: ORD1006 | B10: Ishita Gupta | C10: R106 | D10: Kake Da Dhaba | E10: North | F10: North Indian | G10: 45313 | H10: 28 | I10: 4 | J10: 540 | K10: Delivered | L10: 1 | M10: No
A11: ORD1011 | B11: Aditya Rao | C11: R111 | D11: Moti Mahal Delux | E11: Central | F11: North Indian | G11: 45327 | H11: 30 | I11: 4 | J11: 690 | K11: Delivered | L11: 1 | M11: No
A12: ORD1012 | B12: Tanvi Kulkarni | C12: R112 | D12: Little Italy | E12: East | F12: Italian | G12: 45330 | H12: 27 | I12: 5 | J12: 880 | K12: Delivered | L12: 1 | M12: No
A13: ORD1015 | B13: Kunal Shah | C13: R115 | D13: Paradise Biryani | E13: South | F13: Biryani | G13: 45339 | H13: 36 | I13: 5 | J13: 750 | K13: Delivered | L13: 1 | M13: No
A14: ORD1016 | B14: Rhea Sen | C14: R101 | D14: Punjab Grill | E14: North | F14: North Indian | G14: 45342 | H14: 29 | I14: 4 | J14: 580 | K14: Delivered | L14: 1 | M14: No
A15: ORD1018 | B15: Sneha Roy | C15: R103 | D15: Mainland China | E15: Central | F15: Chinese | G15: 45348 | H15: 26 | I15: 4 | J15: 520 | K15: Delivered | L15: 1 | M15: No
A16: ORD1020 | B16: Priyanka Chopra | C16: R105 | D16: Biryani By Kilo | E16: East | F16: Biryani | G16: 45353 | H16: 40 | I16: 4 | J16: 920 | K16: Delivered | L16: 1 | M16: No
A17: ORD1022 | B17: Kavita Das | C17: R107 | D17: Toscano Trattoria | E17: West | F17: Italian | G17: 45358 | H17: 31 | I17: 5 | J17: 710 | K17: Delivered | L17: 1 | M17: No
A18: ORD1025 | B18: Nikhil Saxena | C18: R110 | D18: Behrouz Biryani | E18: North | F18: Biryani | G18: 45366 | H18: 37 | I18: 4 | J18: 840 | K18: Delivered | L18: 1 | M18: No
... A38: ORD1060 | B38: Hardy Sandhu | C38: R115 | D38: Paradise Biryani | E38: South | F38: Biryani | G38: 45412 | H38: 37 | I38: 5 | J38: 940 | K38: Delivered | L38: 1 | M38: No

Sheet Restaurants
A1: RestaurantID | B1: RestaurantName | C1: Zone | D1: Category | E1: AvgRating
A2: R101 | B2: Punjab Grill | C2: North | D2: Dine-in | E2: 4.6
A3: R102 | B3: Bella Italia | C3: South | D3: Dine-in | E3: 4.5
A4: R103 | B4: Mainland China | C4: Central | D4: Dine-in | E4: 4.4
A5: R104 | B5: Sagar Ratna | C5: South | D5: QSR | E5: 4.3
A6: R105 | B6: Biryani By Kilo | C6: East | D6: Cloud Kitchen | E6: 4.5
A7: R106 | B7: Kake Da Dhaba | C7: North | D7: Dine-in | E7: 4.2
A8: R107 | B8: Toscano Trattoria | C8: West | D8: Dine-in | E8: 4.7
A9: R108 | B9: Noodle Bar | C9: West | D9: QSR | E9: 4.1
A10: R109 | B10: Saravana Bhavan | C10: Central | D10: Dine-in | E10: 4.4
A11: R110 | B11: Behrouz Biryani | C11: North | D11: Cloud Kitchen | E11: 4.6
A12: R111 | B12: Moti Mahal Delux | C12: Central | D12: Dine-in | E12: 4.3
A13: R112 | B13: Little Italy | C13: East | D13: Dine-in | E13: 4.4
... A17: R116 | B17: Curry Bowl | C17: East | D17: Cloud Kitchen | E17: 4.1

Sheet Orders
A1: OrderID | B1: CustomerName | C1: RestaurantID | D1: RestaurantName | E1: Zone | F1: Cuisine | G1: OrderDate | H1: DeliveryTime | I1: Rating | J1: Revenue | K1: Status | L1: Orders | M1: Outlier Flag
A2: ORD1001 | B2: Aarav Sharma | C2: R101 | D2: =_xlfn.XLOOKUP(C2, Restaurants!$A$2:$A$17, Restaurants!$B$2:$B$17, "Not Listed") -> Punjab Grill | E2: =IFERROR(INDEX(Restaurants!$C$2:$C$17, MATCH(C2, Restaurants!$A$2:$A$17, 0)), "Not Listed") -> North | F2: North Indian | G2: 45296 | H2: 25 | I2: 5 | J2: 850 | K2: Delivered | L2: 1 | M2: =IF(OR(H2<'Stats Summary'!$C$14, H2>'Stats Summary'!$C$15), "Yes", "No") -> No
A3: ORD1002 | B3: Diya Patel | C3: R102 | D3: =_xlfn.XLOOKUP(C3, Restaurants!$A$2:$A$17, Restaurants!$B$2:$B$17, "Not Listed") -> Bella Italia | E3: =IFERROR(INDEX(Restaurants!$C$2:$C$17, MATCH(C3, Restaurants!$A$2:$A$17, 0)), "Not Listed") -> South | F3: Italian | G3: 45299 | H3: 32 | I3: 4 | J3: 620 | K3: Delivered | L3: 1 | M3: =IF(OR(H3<'Stats Summary'!$C$14, H3>'Stats Summary'!$C$15), "Yes", "No") -> No
A4: ORD1003 | B4: Rohan Verma | C4: R103 | D4: =_xlfn.XLOOKUP(C4, Restaurants!$A$2:$A$17, Restaurants!$B$2:$B$17, "Not Listed") -> Mainland China | E4: =IFERROR(INDEX(Restaurants!$C$2:$C$17, MATCH(C4, Restaurants!$A$2:$A$17, 0)), "Not Listed") -> Central | F4: Chinese | G4: 45303 | H4: 48 | I4: 3 | J4: 450 | K4: Delayed | L4: 1 | M4: =IF(OR(H4<'Stats Summary'!$C$14, H4>'Stats Summary'!$C$15), "Yes", "No") -> No
A5: ORD1004 | B5: Ananya Iyer | C5: R104 | D5: =_xlfn.XLOOKUP(C5, Restaurants!$A$2:$A$17, Restaurants!$B$2:$B$17, "Not Listed") -> Sagar Ratna | E5: =IFERROR(INDEX(Restaurants!$C$2:$C$17, MATCH(C5, Restaurants!$A$2:$A$17, 0)), "Not Listed") -> South | F5: South Indian | G5: 45306 | H5: 22 | I5: 5 | J5: 320 | K5: Delivered | L5: 1 | M5: =IF(OR(H5<'Stats Summary'!$C$14, H5>'Stats Summary'!$C$15), "Yes", "No") -> No
A6: ORD1005 | B6: Kabir Mehta | C6: R105 | D6: =_xlfn.XLOOKUP(C6, Restaurants!$A$2:$A$17, Restaurants!$B$2:$B$17, "Not Listed") -> Biryani By Kilo | E6: =IFERROR(INDEX(Restaurants!$C$2:$C$17, MATCH(C6, Restaurants!$A$2:$A$17, 0)), "Not Listed") -> East | F6: Biryani | G6: 45309 | H6: 38 | I6: 4 | J6: 780 | K6: Delivered | L6: 1 | M6: =IF(OR(H6<'Stats Summary'!$C$14, H6>'Stats Summary'!$C$15), "Yes", "No") -> No
A7: ORD1006 | B7: Ishita Gupta | C7: R106 | D7: =_xlfn.XLOOKUP(C7, Restaurants!$A$2:$A$17, Restaurants!$B$2:$B$17, "Not Listed") -> Kake Da Dhaba | E7: =IFERROR(INDEX(Restaurants!$C$2:$C$17, MATCH(C7, Restaurants!$A$2:$A$17, 0)), "Not Listed") -> North | F7: North Indian | G7: 45313 | H7: 28 | I7: 4 | J7: 540 | K7: Delivered | L7: 1 | M7: =IF(OR(H7<'Stats Summary'!$C$14, H7>'Stats Summary'!$C$15), "Yes", "No") -> No
A8: ORD1007 | B8: Vikram Singh | C8: R107 | D8: =_xlfn.XLOOKUP(C8, Restaurants!$A$2:$A$17, Restaurants!$B$2:$B$17, "Not Listed") -> Toscano Trattoria | E8: =IFERROR(INDEX(Restaurants!$C$2:$C$17, MATCH(C8, Restaurants!$A$2:$A$17, 0)), "Not Listed") -> West | F8: Italian | G8: 45316 | H8: 82 | I8: 2 | J8: 950 | K8: Delayed | L8: 1 | M8: =IF(OR(H8<'Stats Summary'!$C$14, H8>'Stats Summary'!$C$15), "Yes", "No") -> Yes
A9: ORD1008 | B9: Neha Reddy | C9: R108 | D9: =_xlfn.XLOOKUP(C9, Restaurants!$A$2:$A$17, Restaurants!$B$2:$B$17, "Not Listed") -> Noodle Bar | E9: =IFERROR(INDEX(Restaurants!$C$2:$C$17, MATCH(C9, Restaurants!$A$2:$A$17, 0)), "Not Listed") -> West | F9: Chinese | G9: 45319 | H9: 35 | I9: 4 | J9: 480 | K9: Delivered | L9: 1 | M9: =IF(OR(H9<'Stats Summary'!$C$14, H9>'Stats Summary'!$C$15), "Yes", "No") -> No
A10: ORD1009 | B10: Arjun Nair | C10: R109 | D10: =_xlfn.XLOOKUP(C10, Restaurants!$A$2:$A$17, Restaurants!$B$2:$B$17, "Not Listed") -> Saravana Bhavan | E10: =IFERROR(INDEX(Restaurants!$C$2:$C$17, MATCH(C10, Restaurants!$A$2:$A$17, 0)), "Not Listed") -> Central | F10: South Indian | G10: 45321 | H10: 19 | I10: 5 | J10: 290 | K10: Delivered | L10: 1 | M10: =IF(OR(H10<'Stats Summary'!$C$14, H10>'Stats Summary'!$C$15), "Yes", "No") -> No
A11: ORD1010 | B11: Pooja Joshi | C11: R110 | D11: =_xlfn.XLOOKUP(C11, Restaurants!$A$2:$A$17, Restaurants!$B$2:$B$17, "Not Listed") -> Behrouz Biryani | E11: =IFERROR(INDEX(Restaurants!$C$2:$C$17, MATCH(C11, Restaurants!$A$2:$A$17, 0)), "Not Listed") -> North | F11: Biryani | G11: 45324 | H11: 42 | I11: 3 | J11: 820 | K11: Delivered | L11: 1 | M11: =IF(OR(H11<'Stats Summary'!$C$14, H11>'Stats Summary'!$C$15), "Yes", "No") -> No
A12: ORD1011 | B12: Aditya Rao | C12: R111 | D12: =_xlfn.XLOOKUP(C12, Restaurants!$A$2:$A$17, Restaurants!$B$2:$B$17, "Not Listed") -> Moti Mahal Delux | E12: =IFERROR(INDEX(Restaurants!$C$2:$C$17, MATCH(C12, Restaurants!$A$2:$A$17, 0)), "Not Listed") -> Central | F12: North Indian | G12: 45327 | H12: 30 | I12: 4 | J12: 690 | K12: Delivered | L12: 1 | M12: =IF(OR(H12<'Stats Summary'!$C$14, H12>'Stats Summary'!$C$15), "Yes", "No") -> No
A13: ORD1012 | B13: Tanvi Kulkarni | C13: R112 | D13: =_xlfn.XLOOKUP(C13, Restaurants!$A$2:$A$17, Restaurants!$B$2:$B$17, "Not Listed") -> Little Italy | E13: =IFERROR(INDEX(Restaurants!$C$2:$C$17, MATCH(C13, Restaurants!$A$2:$A$17, 0)), "Not Listed") -> East | F13: Italian | G13: 45330 | H13: 27 | I13: 5 | J13: 880 | K13: Delivered | L13: 1 | M13: =IF(OR(H13<'Stats Summary'!$C$14, H13>'Stats Summary'!$C$15), "Yes", "No") -> No
... A61: ORD1060 | B61: Hardy Sandhu | C61: R115 | D61: =_xlfn.XLOOKUP(C61, Restaurants!$A$2:$A$17, Restaurants!$B$2:$B$17, "Not Listed") -> Paradise Biryani | E61: =IFERROR(INDEX(Restaurants!$C$2:$C$17, MATCH(C61, Restaurants!$A$2:$A$17, 0)), "Not Listed") -> South | F61: Biryani | G61: 45412 | H61: 37 | I61: 5 | J61: 940 | K61: Delivered | L61: 1 | M61: =IF(OR(H61<'Stats Summary'!$C$14, H61>'Stats Summary'!$C$15), "Yes", "No") -> No
A64: ZONE REVENUE SUMMARY (Task 2)
A65: Zone | B65: Average Revenue
A66: North | B66: =AVERAGEIF($E$2:$E$61, A66, $J$2:$J$61) -> 704.16667
A67: South | B67: =AVERAGEIF($E$2:$E$61, A67, $J$2:$J$61) -> 610
A68: East | B68: =AVERAGEIF($E$2:$E$61, A68, $J$2:$J$61) -> 658.33333
A69: West | B69: =AVERAGEIF($E$2:$E$61, A69, $J$2:$J$61) -> 532.5
A70: Central | B70: =AVERAGEIF($E$2:$E$61, A70, $J$2:$J$61) -> 486.66667
