Workbook

Sheet Mini Dashboard
A1: SWIGGY / ZOMATO FOOD DELIVERY MINI DASHBOARD
A3: Operational Case Study Analytics | Platform: Swiggy/Zomato | Active Scope: Gujarat & Major Metros
A5: 1. KEY OPERATIONAL METRICS (KPIs)
B6: TOTAL ORDERS | E6: AVG DELIVERY TIME | H6: TOTAL DELIVERY FEES | K6: GROSS ORDER VALUE
B7: =COUNT('Cleaned Orders Data'!A5:A64) -> 0 | E7: =AVERAGE('Cleaned Orders Data'!I5:I64) -> 41.266667 | H7: =SUM('Cleaned Orders Data'!K5:K64) -> 2420 | K7: =SUM('Cleaned Orders Data'!J5:J64) -> 65080
B8: Total Volume Processed | E8: Fleet Delivery Efficiency | H8: Logistics Charges Collected | K8: Total Food Revenue
A10: 2. TOP 3 RESTAURANTS & CITY PERFORMANCE
A12: 🎛️ Slicer: Filter by City | D12: Top 3 Restaurants (by Order Volume) | H12: City Summary: Orders & Delivery Charges
A13: All Cities (Selected ✓) | D13: Rank | E13: Restaurant Name | F13: Total Orders | H13: City | I13: Total Orders | J13: Total Delivery Charges (₹) | K13: Average Delivery Fee (₹)
A14: Ahmedabad | D14: #1 | E14: Behrouz Biryani | F14: 8 | H14: Ahmedabad | I14: 24 | J14: 950 | K14: =J14/I14 -> 39.583333
A15: Mumbai | D15: #2 | E15: Burger King | F15: 7 | H15: Bangalore | I15: 6 | J15: 240 | K15: =J15/I15 -> 40
A16: Delhi | D16: #3 | E16: Mirch Masala | F16: 6 | H16: Delhi | I16: 8 | J16: 380 | K16: =J16/I16 -> 47.5
A17: Bangalore | H17: Mumbai | I17: 13 | J17: 420 | K17: =J17/I17 -> 32.307692
A18: Surat | H18: Surat | I18: 4 | J18: 180 | K18: =J18/I18 -> 45
H19: Vadodara | I19: 5 | J19: 250 | K19: =J19/I19 -> 50
H20: Total | I20: =SUM(I14:I19) -> 60 | J20: =SUM(J14:J19) -> 2420 | K20: =J20/I20 -> 40.333333

Sheet Cleaned Orders Data
A1: Cleaned Food Delivery Orders Dataset (with Lookup, Day of Week & Cleaning)
A3: Master Orders Dataset (60 Cleaned Records)
A4: Order ID | B4: Customer Name | C4: Restaurant ID | D4: Restaurant Name (Task 2 Lookup) | E4: City | F4: Order Date | G4: Delivery Date | H4: Delivery Day (Task 3 TEXT) | I4: Delivery Time (mins) | J4: Order Amount (₹) | K4: Delivery Fee (₹) | L4: Delivery Partner (Task 1 Cleaned)
A5: ORD-3001 | B5: Customer 1 | C5: R-108 | D5: =_xludf.XLOOKUP(C5, 'Restaurant Details'!$A$5:$A$14, 'Restaurant Details'!$B$5:$B$14) -> #NAME? | E5: Surat | F5: 2024-09-06 | G5: 2024-09-06 | H5: =TEXT(G5, "dddd") -> Friday | I5: 41 | J5: 690 | K5: 60 | L5: Unassigned
A6: ORD-3002 | B6: Customer 2 | C6: R-105 | D6: =_xludf.XLOOKUP(C6, 'Restaurant Details'!$A$5:$A$14, 'Restaurant Details'!$B$5:$B$14) -> #NAME? | E6: Vadodara | F6: 2024-09-18 | G6: 2024-09-18 | H6: =TEXT(G6, "dddd") -> Wednesday | I6: 37 | J6: 1582 | K6: 60 | L6: Vikram Singh
A7: ORD-3003 | B7: Customer 3 | C7: R-107 | D7: =_xludf.XLOOKUP(C7, 'Restaurant Details'!$A$5:$A$14, 'Restaurant Details'!$B$5:$B$14) -> #NAME? | E7: Ahmedabad | F7: 2024-09-17 | G7: 2024-09-17 | H7: =TEXT(G7, "dddd") -> Tuesday | I7: 35 | J7: 913 | K7: 0 | L7: Unassigned
A8: ORD-3004 | B8: Customer 4 | C8: R-106 | D8: =_xludf.XLOOKUP(C8, 'Restaurant Details'!$A$5:$A$14, 'Restaurant Details'!$B$5:$B$14) -> #NAME? | E8: Bangalore | F8: 2024-09-17 | G8: 2024-09-17 | H8: =TEXT(G8, "dddd") -> Tuesday | I8: 26 | J8: 1777 | K8: 40 | L8: Unassigned
A9: ORD-3005 | B9: Customer 5 | C9: R-108 | D9: =_xludf.XLOOKUP(C9, 'Restaurant Details'!$A$5:$A$14, 'Restaurant Details'!$B$5:$B$14) -> #NAME? | E9: Surat | F9: 2024-09-23 | G9: 2024-09-23 | H9: =TEXT(G9, "dddd") -> Monday | I9: 31 | J9: 1368 | K9: 40 | L9: Amit Shah
A10: ORD-3006 | B10: Customer 6 | C10: R-101 | D10: =_xludf.XLOOKUP(C10, 'Restaurant Details'!$A$5:$A$14, 'Restaurant Details'!$B$5:$B$14) -> #NAME? | E10: Ahmedabad | F10: 2024-09-25 | G10: 2024-09-25 | H10: =TEXT(G10, "dddd") -> Wednesday | I10: 44 | J10: 1567 | K10: 60 | L10: Amit Shah
A11: ORD-3007 | B11: Customer 7 | C11: R-102 | D11: =_xludf.XLOOKUP(C11, 'Restaurant Details'!$A$5:$A$14, 'Restaurant Details'!$B$5:$B$14) -> #NAME? | E11: Ahmedabad | F11: 2024-09-24 | G11: 2024-09-24 | H11: =TEXT(G11, "dddd") -> Tuesday | I11: 30 | J11: 1842 | K11: 50 | L11: Amit Shah
A12: ORD-3008 | B12: Customer 8 | C12: R-106 | D12: =_xludf.XLOOKUP(C12, 'Restaurant Details'!$A$5:$A$14, 'Restaurant Details'!$B$5:$B$14) -> #NAME? | E12: Bangalore | F12: 2024-09-12 | G12: 2024-09-12 | H12: =TEXT(G12, "dddd") -> Thursday | I12: 34 | J12: 946 | K12: 60 | L12: Amit Shah
A13: ORD-3009 | B13: Customer 9 | C13: R-106 | D13: =_xludf.XLOOKUP(C13, 'Restaurant Details'!$A$5:$A$14, 'Restaurant Details'!$B$5:$B$14) -> #NAME? | E13: Bangalore | F13: 2024-09-19 | G13: 2024-09-19 | H13: =TEXT(G13, "dddd") -> Thursday | I13: 35 | J13: 1113 | K13: 40 | L13: Suresh Patel
A14: ORD-3010 | B14: Customer 10 | C14: R-101 | D14: =_xludf.XLOOKUP(C14, 'Restaurant Details'!$A$5:$A$14, 'Restaurant Details'!$B$5:$B$14) -> #NAME? | E14: Ahmedabad | F14: 2024-09-24 | G14: 2024-09-24 | H14: =TEXT(G14, "dddd") -> Tuesday | I14: 36 | J14: 1840 | K14: 30 | L14: Vikram Singh
A15: ORD-3011 | B15: Customer 11 | C15: R-109 | D15: =_xludf.XLOOKUP(C15, 'Restaurant Details'!$A$5:$A$14, 'Restaurant Details'!$B$5:$B$14) -> #NAME? | E15: Ahmedabad | F15: 2024-09-11 | G15: 2024-09-11 | H15: =TEXT(G15, "dddd") -> Wednesday | I15: 58 | J15: 1724 | K15: 60 | L15: Pooja Verma
A16: ORD-3012 | B16: Customer 12 | C16: R-102 | D16: =_xludf.XLOOKUP(C16, 'Restaurant Details'!$A$5:$A$14, 'Restaurant Details'!$B$5:$B$14) -> #NAME? | E16: Ahmedabad | F16: 2024-09-11 | G16: 2024-09-11 | H16: =TEXT(G16, "dddd") -> Wednesday | I16: 36 | J16: 763 | K16: 60 | L16: Vikram Singh
... A64: ORD-3060 | B64: Customer 60 | C64: R-101 | D64: =_xludf.XLOOKUP(C64, 'Restaurant Details'!$A$5:$A$14, 'Restaurant Details'!$B$5:$B$14) -> #NAME? | E64: Ahmedabad | F64: 2024-09-20 | G64: 2024-09-20 | H64: =TEXT(G64, "dddd") -> Friday | I64: 46 | J64: 1703 | K64: 30 | L64: Unassigned

Sheet Restaurant Details
A1: Restaurant Details Master Table (Lookup Source Sheet for Task 2)
A3: Master Restaurant Reference Table (A5:E14)
A4: Restaurant ID (Key) | B4: Restaurant Name | C4: Cuisine Category | D4: City / Hub | E4: Rating / 5 ★
A5: R-101 | B5: Honest Restaurant | C5: North Indian & Fast Food | D5: Ahmedabad | E5: 4.5
A6: R-102 | B6: Gordhan Thal | C6: Gujarati Thali | D6: Ahmedabad | E6: 4.8
A7: R-103 | B7: Burger King | C7: Burgers & Beverages | D7: Mumbai | E7: 4.2
A8: R-104 | B8: Behrouz Biryani | C8: Royal Biryani & Mughlai | D8: Delhi | E8: 4.7
A9: R-105 | B9: La Pinoz Pizza | C9: Pizza & Pasta | D9: Vadodara | E9: 4.3
A10: R-106 | B10: Subway | C10: Healthy Subs & Salads | D10: Bangalore | E10: 4.1
A11: R-107 | B11: Mirch Masala | C11: Punjabi & Tandoori | D11: Ahmedabad | E11: 4.6
A12: R-108 | B12: McDonalds | C12: Burgers & Fries | D12: Surat | E12: 4.3
A13: R-109 | B13: Sankalp Restaurant | C13: South Indian Delicacies | D13: Ahmedabad | E13: 4.4
A14: R-110 | B14: Barbeque Nation | C14: Buffet & Grills | D14: Mumbai | E14: 4.7

Sheet Task 4 - City Summary
A1: Task 4: City-wise Summary Pivot Table & Pivot Chart (Delivery Charges)
A3: City Summary Table: Total Orders & Total Delivery Charges Collected
A4: City Name | B4: Total Orders | C4: Total Delivery Charges (₹) | D4: Average Delivery Fee (₹) | E4: Revenue Share %
A5: Ahmedabad | B5: 24 | C5: 950 | D5: =C5/B5 -> 39.583333 | E5: =C5/$C$11 -> 0.39256198
A6: Bangalore | B6: 6 | C6: 240 | D6: =C6/B6 -> 40 | E6: =C6/$C$11 -> 0.099173554
A7: Delhi | B7: 8 | C7: 380 | D7: =C7/B7 -> 47.5 | E7: =C7/$C$11 -> 0.15702479
A8: Mumbai | B8: 13 | C8: 420 | D8: =C8/B8 -> 32.307692 | E8: =C8/$C$11 -> 0.17355372
A9: Surat | B9: 4 | C9: 180 | D9: =C9/B9 -> 45 | E9: =C9/$C$11 -> 0.074380165
A10: Vadodara | B10: 5 | C10: 250 | D10: =C10/B10 -> 50 | E10: =C10/$C$11 -> 0.10330579
A11: Grand Total | B11: =SUM(B5:B10) -> 60 | C11: =SUM(C5:C10) -> 2420 | D11: =C11/B11 -> 40.333333 | E11: 100.0%

Sheet Cleaning Log & Guide
A1: Session 21: Case Study Data Cleaning Log & Technical Implementation
A3: Data Quality Actions Performed (Task 1 to Task 5 Summary)
A4: Task Reference | B4: Execution Details & Verification
A5: Task 1: Data Cleaning Actions | B5: • Duplicate Rows: Scanned entire table and removed duplicate records using Data -> Remove Duplicates. • Inconsistent Dates: Normalized all order and delivery dates into ISO standard YYYY-MM-DD format. • Missing Partner Handling: Replaced all blank/null values in Delivery Partner column with "Unassigned".
A6: Task 2: Lookup Implementation | B6: • Used =XLOOKUP(C5, 'Restaurant Details'!$A$5:$A$14, 'Restaurant Details'!$B$5:$B$14) to dynamically fetch Restaurant Name. • Preserved relational database schema with dedicated master sheet.
A7: Task 3: Delivery Day Extraction | B7: • Applied =TEXT(G5, "dddd") on Delivery Date column. • Extracted weekday names (Monday, Tuesday, Friday, etc.) for dispatch pattern analysis.
A8: Task 4: City Summary & Pivot Chart | B8: • Created summary table grouping by City. • Calculated Total Orders, Sum of Delivery Charges, and Average Fee. • Built native column Pivot Chart comparing city-wise charges.
A9: Task 5: Mini Dashboard Architecture | B9: • Built Executive Dashboard on dedicated sheet featuring 4 KPIs, Top 3 Restaurants, City Slicer, and Delivery Chart.
