Workbook

Sheet Executive Dashboard
A1: IPL ANALYTICS EXECUTIVE DASHBOARD — PIVOTCHARTS & LINKED SLICERS
A2: Dynamic Multi-Chart Executive Dashboard Linked to Venue Slicer & Match Date Timeline
A4: 🏏 TOTAL MATCHES | D4: 🏆 TOTAL WINS RECORDED | G4: 🏟️ UNIQUE STADIUMS | J4: 📅 SEASONS ANALYZED
A5: 120 Matches | D5: 58 Wins | G5: 6 Venues | J5: 2022 - 2024
A7: 📍 VENUE SLICER (Filter) | D7: Pivot 1: Total Wins by Team (Linked)
A8: ✓ [All Venues / Stadiums] | D8: Team Name | E8: Total Matches | F8: Matches Won
A9: Narendra Modi Stadium, Ahmedabad | D9: Sunrisers Hyderabad | E9: =COUNTIF('IPL Raw Dataset'!$E$5:$E$124, D9) -> 16 | F9: =COUNTIFS('IPL Raw Dataset'!$E$5:$E$124, D9, 'IPL Raw Dataset'!$H$5:$H$124, "Won") -> 11
A10: Wankhede Stadium, Mumbai | D10: Chennai Super Kings | E10: =COUNTIF('IPL Raw Dataset'!$E$5:$E$124, D10) -> 17 | F10: =COUNTIFS('IPL Raw Dataset'!$E$5:$E$124, D10, 'IPL Raw Dataset'!$H$5:$H$124, "Won") -> 8
A11: Eden Gardens, Kolkata | D11: Rajasthan Royals | E11: =COUNTIF('IPL Raw Dataset'!$E$5:$E$124, D11) -> 9 | F11: =COUNTIFS('IPL Raw Dataset'!$E$5:$E$124, D11, 'IPL Raw Dataset'!$H$5:$H$124, "Won") -> 7
A12: M. Chinnaswamy Stadium, Bengaluru | D12: Lucknow Super Giants | E12: =COUNTIF('IPL Raw Dataset'!$E$5:$E$124, D12) -> 15 | F12: =COUNTIFS('IPL Raw Dataset'!$E$5:$E$124, D12, 'IPL Raw Dataset'!$H$5:$H$124, "Won") -> 6
A13: MA Chidambaram Stadium, Chennai | D13: Royal Challengers Bengaluru | E13: =COUNTIF('IPL Raw Dataset'!$E$5:$E$124, D13) -> 11 | F13: =COUNTIFS('IPL Raw Dataset'!$E$5:$E$124, D13, 'IPL Raw Dataset'!$H$5:$H$124, "Won") -> 5
A14: Arun Jaitley Stadium, Delhi | D14: Kolkata Knight Riders | E14: =COUNTIF('IPL Raw Dataset'!$E$5:$E$124, D14) -> 11 | F14: =COUNTIFS('IPL Raw Dataset'!$E$5:$E$124, D14, 'IPL Raw Dataset'!$H$5:$H$124, "Won") -> 5
D15: Punjab Kings | E15: =COUNTIF('IPL Raw Dataset'!$E$5:$E$124, D15) -> 12 | F15: =COUNTIFS('IPL Raw Dataset'!$E$5:$E$124, D15, 'IPL Raw Dataset'!$H$5:$H$124, "Won") -> 5
A16: ⏱️ TIMELINE SLICER (Match Date) | D16: Gujarat Titans | E16: =COUNTIF('IPL Raw Dataset'!$E$5:$E$124, D16) -> 9 | F16: =COUNTIFS('IPL Raw Dataset'!$E$5:$E$124, D16, 'IPL Raw Dataset'!$H$5:$H$124, "Won") -> 4
A17: ✓ [All Seasons: 2022 - 2024] | D17: Delhi Capitals | E17: =COUNTIF('IPL Raw Dataset'!$E$5:$E$124, D17) -> 10 | F17: =COUNTIFS('IPL Raw Dataset'!$E$5:$E$124, D17, 'IPL Raw Dataset'!$H$5:$H$124, "Won") -> 4
A18: Season 2022 (March - May) | D18: Mumbai Indians | E18: =COUNTIF('IPL Raw Dataset'!$E$5:$E$124, D18) -> 10 | F18: =COUNTIFS('IPL Raw Dataset'!$E$5:$E$124, D18, 'IPL Raw Dataset'!$H$5:$H$124, "Won") -> 3
A19: Season 2023 (March - May) | D19: Grand Total | E19: =SUM(E9:E18) -> 120 | F19: =SUM(F9:F18) -> 58
A20: Season 2024 (March - May)
A21: Monthly View: March | D21: Pivot 2: Matches Played Over Time (Linked)
A22: Monthly View: April | D22: Month / Timeline | E22: Matches Played | F22: Wins Count
A23: Monthly View: May | D23: March | E23: =COUNTIF('IPL Raw Dataset'!$D$5:$D$124, D23) -> 9 | F23: =COUNTIFS('IPL Raw Dataset'!$D$5:$D$124, D23, 'IPL Raw Dataset'!$H$5:$H$124, "Won") -> 3
D24: April | E24: =COUNTIF('IPL Raw Dataset'!$D$5:$D$124, D24) -> 45 | F24: =COUNTIFS('IPL Raw Dataset'!$D$5:$D$124, D24, 'IPL Raw Dataset'!$H$5:$H$124, "Won") -> 21
D25: May | E25: =COUNTIF('IPL Raw Dataset'!$D$5:$D$124, D25) -> 47 | F25: =COUNTIFS('IPL Raw Dataset'!$D$5:$D$124, D25, 'IPL Raw Dataset'!$H$5:$H$124, "Won") -> 25
D26: Total Matches | E26: =SUM(E23:E25) -> 101 | F26: =SUM(F23:F25) -> 49

Sheet Task 1-3 - Matches & Slicers
A1: TASKS 1 TO 3: IPL PIVOTCHART + VENUE SLICER + TIMELINE
A2: Task 1: Total Matches by Team | Task 2: Venue Slicer | Task 3: Match Date Timeline
A4: PivotTable: Total Matches Played by Each Team
A5: Team Name | B5: Matches Played | C5: % Share of Matches
A6: Chennai Super Kings | B6: =COUNTIF('IPL Raw Dataset'!$E$5:$E$124, A6) -> 17 | C6: =B6/$B$16 -> 0.14166667
A7: Sunrisers Hyderabad | B7: =COUNTIF('IPL Raw Dataset'!$E$5:$E$124, A7) -> 16 | C7: =B7/$B$16 -> 0.13333333
A8: Lucknow Super Giants | B8: =COUNTIF('IPL Raw Dataset'!$E$5:$E$124, A8) -> 15 | C8: =B8/$B$16 -> 0.125
A9: Punjab Kings | B9: =COUNTIF('IPL Raw Dataset'!$E$5:$E$124, A9) -> 12 | C9: =B9/$B$16 -> 0.1
A10: Royal Challengers Bengaluru | B10: =COUNTIF('IPL Raw Dataset'!$E$5:$E$124, A10) -> 11 | C10: =B10/$B$16 -> 0.091666667
A11: Kolkata Knight Riders | B11: =COUNTIF('IPL Raw Dataset'!$E$5:$E$124, A11) -> 11 | C11: =B11/$B$16 -> 0.091666667
A12: Mumbai Indians | B12: =COUNTIF('IPL Raw Dataset'!$E$5:$E$124, A12) -> 10 | C12: =B12/$B$16 -> 0.083333333
A13: Delhi Capitals | B13: =COUNTIF('IPL Raw Dataset'!$E$5:$E$124, A13) -> 10 | C13: =B13/$B$16 -> 0.083333333
A14: Gujarat Titans | B14: =COUNTIF('IPL Raw Dataset'!$E$5:$E$124, A14) -> 9 | C14: =B14/$B$16 -> 0.075
A15: Rajasthan Royals | B15: =COUNTIF('IPL Raw Dataset'!$E$5:$E$124, A15) -> 9 | C15: =B15/$B$16 -> 0.075
A16: Grand Total | B16: =SUM(B6:B15) -> 120 | C16: =SUM(C6:C15) -> 1
A18: 📌 Task 2: Add Venue Slicer Instructions
A19: 1. Click anywhere inside the PivotTable or PivotChart above.
A20: 2. Go to Excel Ribbon -> PivotChart Analyze -> "Insert Slicer".
A21: 3. Check "Venue" and click OK. Filter by stadiums like Narendra Modi Stadium or Wankhede!
A23: 📌 Task 3: Insert Match Date Timeline Instructions
A24: 1. Click on the PivotTable or PivotChart.
A25: 2. Go to PivotChart Analyze -> "Insert Timeline".
A26: 3. Select "Match Date" (Excel timeline only works on true Date fields).
A27: 4. Change filter scale to "Months" or "Years" to analyze team performance across IPL seasons!

Sheet Task 5 - Wins Per Year
A1: TASK 5: MATCHES WON PER TEAM PER YEAR & TOP PERFORMER HIGHLIGHT
A2: PivotChart of Wins by Year with Visual & Conditional Formatting Emphasizing Top Winners
A4: PivotTable: Matches Won by Each Team per Year (2022 - 2024)
A5: Team Name | B5: 2022 Wins | C5: 2023 Wins | D5: 2024 Wins | E5: Total Wins | F5: Championship / Top Performer Status
A6: Gujarat Titans | B6: =COUNTIFS('IPL Raw Dataset'!$E$5:$E$124, A6, 'IPL Raw Dataset'!$C$5:$C$124, 2022, 'IPL Raw Dataset'!$H$5:$H$124, "Won") -> 0 | C6: =COUNTIFS('IPL Raw Dataset'!$E$5:$E$124, A6, 'IPL Raw Dataset'!$C$5:$C$124, 2023, 'IPL Raw Dataset'!$H$5:$H$124, "Won") -> 1 | D6: =COUNTIFS('IPL Raw Dataset'!$E$5:$E$124, A6, 'IPL Raw Dataset'!$C$5:$C$124, 2024, 'IPL Raw Dataset'!$H$5:$H$124, "Won") -> 3 | E6: =SUM(B6:D6) -> 4 | F6: ⭐ 2022 Champion & Top Wins
A7: Chennai Super Kings | B7: =COUNTIFS('IPL Raw Dataset'!$E$5:$E$124, A7, 'IPL Raw Dataset'!$C$5:$C$124, 2022, 'IPL Raw Dataset'!$H$5:$H$124, "Won") -> 4 | C7: =COUNTIFS('IPL Raw Dataset'!$E$5:$E$124, A7, 'IPL Raw Dataset'!$C$5:$C$124, 2023, 'IPL Raw Dataset'!$H$5:$H$124, "Won") -> 2 | D7: =COUNTIFS('IPL Raw Dataset'!$E$5:$E$124, A7, 'IPL Raw Dataset'!$C$5:$C$124, 2024, 'IPL Raw Dataset'!$H$5:$H$124, "Won") -> 2 | E7: =SUM(B7:D7) -> 8 | F7: ⭐ 2023 Champion & Top Wins
A8: Mumbai Indians | B8: =COUNTIFS('IPL Raw Dataset'!$E$5:$E$124, A8, 'IPL Raw Dataset'!$C$5:$C$124, 2022, 'IPL Raw Dataset'!$H$5:$H$124, "Won") -> 0 | C8: =COUNTIFS('IPL Raw Dataset'!$E$5:$E$124, A8, 'IPL Raw Dataset'!$C$5:$C$124, 2023, 'IPL Raw Dataset'!$H$5:$H$124, "Won") -> 3 | D8: =COUNTIFS('IPL Raw Dataset'!$E$5:$E$124, A8, 'IPL Raw Dataset'!$C$5:$C$124, 2024, 'IPL Raw Dataset'!$H$5:$H$124, "Won") -> 0 | E8: =SUM(B8:D8) -> 3 | F8: Contender
A9: Royal Challengers Bengaluru | B9: =COUNTIFS('IPL Raw Dataset'!$E$5:$E$124, A9, 'IPL Raw Dataset'!$C$5:$C$124, 2022, 'IPL Raw Dataset'!$H$5:$H$124, "Won") -> 1 | C9: =COUNTIFS('IPL Raw Dataset'!$E$5:$E$124, A9, 'IPL Raw Dataset'!$C$5:$C$124, 2023, 'IPL Raw Dataset'!$H$5:$H$124, "Won") -> 2 | D9: =COUNTIFS('IPL Raw Dataset'!$E$5:$E$124, A9, 'IPL Raw Dataset'!$C$5:$C$124, 2024, 'IPL Raw Dataset'!$H$5:$H$124, "Won") -> 2 | E9: =SUM(B9:D9) -> 5 | F9: Contender
A10: Kolkata Knight Riders | B10: =COUNTIFS('IPL Raw Dataset'!$E$5:$E$124, A10, 'IPL Raw Dataset'!$C$5:$C$124, 2022, 'IPL Raw Dataset'!$H$5:$H$124, "Won") -> 1 | C10: =COUNTIFS('IPL Raw Dataset'!$E$5:$E$124, A10, 'IPL Raw Dataset'!$C$5:$C$124, 2023, 'IPL Raw Dataset'!$H$5:$H$124, "Won") -> 2 | D10: =COUNTIFS('IPL Raw Dataset'!$E$5:$E$124, A10, 'IPL Raw Dataset'!$C$5:$C$124, 2024, 'IPL Raw Dataset'!$H$5:$H$124, "Won") -> 2 | E10: =SUM(B10:D10) -> 5 | F10: ⭐ 2024 Champion & Top Wins
A11: Rajasthan Royals | B11: =COUNTIFS('IPL Raw Dataset'!$E$5:$E$124, A11, 'IPL Raw Dataset'!$C$5:$C$124, 2022, 'IPL Raw Dataset'!$H$5:$H$124, "Won") -> 5 | C11: =COUNTIFS('IPL Raw Dataset'!$E$5:$E$124, A11, 'IPL Raw Dataset'!$C$5:$C$124, 2023, 'IPL Raw Dataset'!$H$5:$H$124, "Won") -> 2 | D11: =COUNTIFS('IPL Raw Dataset'!$E$5:$E$124, A11, 'IPL Raw Dataset'!$C$5:$C$124, 2024, 'IPL Raw Dataset'!$H$5:$H$124, "Won") -> 0 | E11: =SUM(B11:D11) -> 7 | F11: Contender
A12: Sunrisers Hyderabad | B12: =COUNTIFS('IPL Raw Dataset'!$E$5:$E$124, A12, 'IPL Raw Dataset'!$C$5:$C$124, 2022, 'IPL Raw Dataset'!$H$5:$H$124, "Won") -> 5 | C12: =COUNTIFS('IPL Raw Dataset'!$E$5:$E$124, A12, 'IPL Raw Dataset'!$C$5:$C$124, 2023, 'IPL Raw Dataset'!$H$5:$H$124, "Won") -> 3 | D12: =COUNTIFS('IPL Raw Dataset'!$E$5:$E$124, A12, 'IPL Raw Dataset'!$C$5:$C$124, 2024, 'IPL Raw Dataset'!$H$5:$H$124, "Won") -> 3 | E12: =SUM(B12:D12) -> 11 | F12: Contender
A13: Delhi Capitals | B13: =COUNTIFS('IPL Raw Dataset'!$E$5:$E$124, A13, 'IPL Raw Dataset'!$C$5:$C$124, 2022, 'IPL Raw Dataset'!$H$5:$H$124, "Won") -> 2 | C13: =COUNTIFS('IPL Raw Dataset'!$E$5:$E$124, A13, 'IPL Raw Dataset'!$C$5:$C$124, 2023, 'IPL Raw Dataset'!$H$5:$H$124, "Won") -> 0 | D13: =COUNTIFS('IPL Raw Dataset'!$E$5:$E$124, A13, 'IPL Raw Dataset'!$C$5:$C$124, 2024, 'IPL Raw Dataset'!$H$5:$H$124, "Won") -> 2 | E13: =SUM(B13:D13) -> 4 | F13: Contender
A14: Lucknow Super Giants | B14: =COUNTIFS('IPL Raw Dataset'!$E$5:$E$124, A14, 'IPL Raw Dataset'!$C$5:$C$124, 2022, 'IPL Raw Dataset'!$H$5:$H$124, "Won") -> 0 | C14: =COUNTIFS('IPL Raw Dataset'!$E$5:$E$124, A14, 'IPL Raw Dataset'!$C$5:$C$124, 2023, 'IPL Raw Dataset'!$H$5:$H$124, "Won") -> 3 | D14: =COUNTIFS('IPL Raw Dataset'!$E$5:$E$124, A14, 'IPL Raw Dataset'!$C$5:$C$124, 2024, 'IPL Raw Dataset'!$H$5:$H$124, "Won") -> 3 | E14: =SUM(B14:D14) -> 6 | F14: Contender
A15: Punjab Kings | B15: =COUNTIFS('IPL Raw Dataset'!$E$5:$E$124, A15, 'IPL Raw Dataset'!$C$5:$C$124, 2022, 'IPL Raw Dataset'!$H$5:$H$124, "Won") -> 0 | C15: =COUNTIFS('IPL Raw Dataset'!$E$5:$E$124, A15, 'IPL Raw Dataset'!$C$5:$C$124, 2023, 'IPL Raw Dataset'!$H$5:$H$124, "Won") -> 3 | D15: =COUNTIFS('IPL Raw Dataset'!$E$5:$E$124, A15, 'IPL Raw Dataset'!$C$5:$C$124, 2024, 'IPL Raw Dataset'!$H$5:$H$124, "Won") -> 2 | E15: =SUM(B15:D15) -> 5 | F15: Contender
A16: Grand Total | B16: =SUM(B6:B15) -> 18 | C16: =SUM(C6:C15) -> 21 | D16: =SUM(D6:D15) -> 19 | E16: =SUM(E6:E15) -> 58
I18: 💡 Trainer Hint & Value Filter Steps:
I19: • Value Filter: In PivotTable, click Team filter arrow -> Value Filters -> Top 10...
I20: • Set to: Show Top 1 Items by "2022 Wins" (or 2023 / 2024) to isolate the champion!
I21: • Chart Formatting: Double-click the winning team bar in the chart and change fill color to Gold/Orange.
I22: • Result: Gujarat Titans (2022), CSK (2023), and KKR (2024) stand out immediately.

Sheet IPL Raw Dataset
A1: IPL MATCHES MASTER DATASET (2022 - 2024)
A2: Curated dataset with Match Date, Season, Month, Teams, Venue, Result, Wins, and Match Stats
A4: Match ID | B4: Match Date | C4: Season | D4: Month | E4: Team | F4: Opponent | G4: Venue | H4: Result | I4: Wins | J4: Matches | K4: Runs Scored | L4: Wickets Taken
A5: IPL-2022-101 | B5: 2022-03-26 | C5: 2022 | D5: March | E5: Chennai Super Kings | F5: Gujarat Titans | G5: Arun Jaitley Stadium, Delhi | H5: Lost | I5: 0 | J5: 1 | K5: 173 | L5: 5
A6: IPL-2022-102 | B6: 2022-03-28 | C6: 2022 | D6: March | E6: Chennai Super Kings | F6: Lucknow Super Giants | G6: Narendra Modi Stadium, Ahmedabad | H6: Lost | I6: 0 | J6: 1 | K6: 149 | L6: 4
A7: IPL-2022-103 | B7: 2022-03-30 | C7: 2022 | D7: March | E7: Chennai Super Kings | F7: Royal Challengers Bengaluru | G7: Wankhede Stadium, Mumbai | H7: Won | I7: 1 | J7: 1 | K7: 170 | L7: 9
A8: IPL-2022-104 | B8: 2022-04-01 | C8: 2022 | D8: April | E8: Lucknow Super Giants | F8: Sunrisers Hyderabad | G8: Wankhede Stadium, Mumbai | H8: Lost | I8: 0 | J8: 1 | K8: 180 | L8: 4
A9: IPL-2022-105 | B9: 2022-04-03 | C9: 2022 | D9: April | E9: Mumbai Indians | F9: Sunrisers Hyderabad | G9: Eden Gardens, Kolkata | H9: Lost | I9: 0 | J9: 1 | K9: 164 | L9: 5
A10: IPL-2022-106 | B10: 2022-04-05 | C10: 2022 | D10: April | E10: Rajasthan Royals | F10: Chennai Super Kings | G10: Narendra Modi Stadium, Ahmedabad | H10: Won | I10: 1 | J10: 1 | K10: 190 | L10: 6
A11: IPL-2022-107 | B11: 2022-04-07 | C11: 2022 | D11: April | E11: Punjab Kings | F11: Kolkata Knight Riders | G11: Narendra Modi Stadium, Ahmedabad | H11: Lost | I11: 0 | J11: 1 | K11: 213 | L11: 4
A12: IPL-2022-108 | B12: 2022-04-09 | C12: 2022 | D12: April | E12: Sunrisers Hyderabad | F12: Chennai Super Kings | G12: MA Chidambaram Stadium, Chennai | H12: Lost | I12: 0 | J12: 1 | K12: 191 | L12: 8
A13: IPL-2022-109 | B13: 2022-04-11 | C13: 2022 | D13: April | E13: Royal Challengers Bengaluru | F13: Chennai Super Kings | G13: Narendra Modi Stadium, Ahmedabad | H13: Won | I13: 1 | J13: 1 | K13: 182 | L13: 4
A14: IPL-2022-110 | B14: 2022-04-13 | C14: 2022 | D14: April | E14: Royal Challengers Bengaluru | F14: Chennai Super Kings | G14: M. Chinnaswamy Stadium, Bengaluru | H14: Lost | I14: 0 | J14: 1 | K14: 203 | L14: 9
A15: IPL-2022-111 | B15: 2022-04-15 | C15: 2022 | D15: April | E15: Rajasthan Royals | F15: Mumbai Indians | G15: Eden Gardens, Kolkata | H15: Won | I15: 1 | J15: 1 | K15: 179 | L15: 9
A16: IPL-2022-112 | B16: 2022-04-17 | C16: 2022 | D16: April | E16: Chennai Super Kings | F16: Mumbai Indians | G16: MA Chidambaram Stadium, Chennai | H16: Won | I16: 1 | J16: 1 | K16: 165 | L16: 7
... A124: IPL-2024-220 | B124: 2024-06-08 | C124: 2024 | D124: June | E124: Delhi Capitals | F124: Royal Challengers Bengaluru | G124: M. Chinnaswamy Stadium, Bengaluru | H124: Lost | I124: 0 | J124: 1 | K124: 203 | L124: 3

Sheet Trainer Coverage & Guide
A1: SESSION 15 TRAINING COVERAGE, CONCEPTS & STEP-BY-STEP GUIDE
A2: Trainer Syllabus, Core Principles, Practical Instructions, and Interview FAQs
A4: 1. Core Concept: PivotCharts vs Standard Charts
A5: • What is a PivotChart? A PivotChart is directly tied to a PivotTable. Whenever the PivotTable is filtered, sorted, or recalculated, the PivotChart automatically updates in real time. • Key Advantage: Unlike static standard charts that require manual range adjustments, PivotCharts support interactive field filtering buttons directly on the chart canvas.
A10: 2. Task 1: Building PivotChart for Total Matches
A11: • Steps to Create: 1. Select any cell in the 'IPL Raw Dataset'. 2. Navigate to Insert -> PivotChart (or press Alt + F1). 3. Drag 'Team' to Axis (Categories) and 'Matches' to Values (Sum of Matches). 4. Format the chart with clean column styling and team data labels.
A16: 3. Task 2: Adding & Customizing Venue Slicers
A17: • Steps to Insert Slicer: 1. Select the PivotChart or PivotTable. 2. Go to PivotChart Analyze -> Insert Slicer. 3. Check 'Venue' and click OK. • Functionality: Slicers provide one-click visual buttons for filtering. Selecting 'Narendra Modi Stadium' instantly isolates matches played in Ahmedabad without opening filter dropdowns.
A22: 4. Task 3: Inserting a Timeline Slicer for Match Dates
A23: • Requirement: Timelines require a genuine Date data type in the source column. • Steps to Insert Timeline: 1. Click the PivotChart -> PivotChart Analyze -> Insert Timeline. 2. Check 'Match Date' and click OK. 3. Use the level selector (Years, Quarters, Months, Days) to zoom in on specific IPL months (e.g. March vs April vs May).
A28: 5. Task 4: Interactive Dashboard with Linked Slicers (Report Connections)
A29: • How to Link One Slicer to Multiple Charts/Tables: 1. Create PivotTable 1 (Total Wins) and PivotTable 2 (Matches Over Time). 2. Insert a Venue Slicer and Timeline Slicer from PivotTable 1. 3. Right-click the Slicer -> select 'Report Connections...' (or 'PivotTable Connections'). 4. Check the box for PivotTable 2 and click OK. 5. Now, a single click on any venue or season dynamically updates BOTH charts in tandem!
... A35: • Isolating Top Winner via Value Filters: 1. In the Team Row Labels filter dropdown, select Value Filters -> Top 10... 2. Change '10' to '1' and select 'Sum of Wins'. 3. Click OK to display only the #1 top franchise. • Visual Emphasis: Format the champion team bars (Gujarat Titans in 2022, CSK in 2023, KKR in 2024) in distinct Gold/Orange accents.
