Workbook
Name Slicer_Zone: #N/A
Name Timeline_OrderDate: #N/A

Sheet Restaurants
A1: RestaurantID | B1: RestaurantName | C1: Zone | D1: Category | E1: AvgRating
A2: R101 | B2: Punjab Grill | C2: North | D2: Dine-in | E2: 4.6
A3: R102 | B3: Bella Italia | C3: South | D3: Dine-in | E3: 4.5
A4: R103 | B4: Mainland China | C4: Central | D4: Dine-in | E4: 4.4
A5: R104 | B5: Biryani By Kilo | C5: East | D5: Cloud Kitchen | E5: 4.5
A6: R105 | B6: Kake Da Dhaba | C6: North | D6: Dine-in | E6: 4.2
A7: R106 | B7: Toscano Trattoria | C7: West | D7: Dine-in | E7: 4.7
A8: R107 | B8: Noodle Bar | C8: West | D8: QSR | E8: 4.1
A9: R108 | B9: Behrouz Biryani | C9: North | D9: Cloud Kitchen | E9: 4.6
A10: R109 | B10: Moti Mahal Delux | C10: Central | D10: Dine-in | E10: 4.3
A11: R110 | B11: Little Italy | C11: East | D11: Dine-in | E11: 4.4
A12: R111 | B12: Wok Express | C12: East | D12: Cloud Kitchen | E12: 4
A13: R112 | B13: Madras Tiffin | C13: West | D13: QSR | E13: 4.2
... A17: R116 | B17: Osteria Delizia | C17: South | D17: Dine-in | E17: 4.6

Sheet Orders
A1: OrderID | B1: RestaurantID | C1: RestaurantName | D1: Category | E1: Cuisine | F1: Zone | G1: OrderDate | H1: DeliveryTime | I1: Rating | J1: Revenue | K1: Status
A2: ORD2001 | B2: R107 | C2: =_xlfn.XLOOKUP(B2, Restaurants!$A$2:$A$17, Restaurants!$B$2:$B$17, "Unknown") -> Noodle Bar | D2: =_xlfn.XLOOKUP(B2, Restaurants!$A$2:$A$17, Restaurants!$D$2:$D$17, "Unknown") -> QSR | E2: Chinese | F2: West | G2: 45363 | H2: 40 | I2: 4 | J2: 1390 | K2: Delivered
A3: ORD2002 | B3: R111 | C3: =_xlfn.XLOOKUP(B3, Restaurants!$A$2:$A$17, Restaurants!$B$2:$B$17, "Unknown") -> Wok Express | D3: =_xlfn.XLOOKUP(B3, Restaurants!$A$2:$A$17, Restaurants!$D$2:$D$17, "Unknown") -> Cloud Kitchen | E3: Chinese | F3: East | G3: 45333 | H3: 24 | I3: 5 | J3: 1030 | K3: Delivered
A4: ORD2003 | B4: R106 | C4: =_xlfn.XLOOKUP(B4, Restaurants!$A$2:$A$17, Restaurants!$B$2:$B$17, "Unknown") -> Toscano Trattoria | D4: =_xlfn.XLOOKUP(B4, Restaurants!$A$2:$A$17, Restaurants!$D$2:$D$17, "Unknown") -> Dine-in | E4: Italian | F4: West | G4: 45297 | H4: 38 | I4: 3 | J4: 1430 | K4: Delivered
A5: ORD2004 | B5: R112 | C5: =_xlfn.XLOOKUP(B5, Restaurants!$A$2:$A$17, Restaurants!$B$2:$B$17, "Unknown") -> Madras Tiffin | D5: =_xlfn.XLOOKUP(B5, Restaurants!$A$2:$A$17, Restaurants!$D$2:$D$17, "Unknown") -> QSR | E5: Italian | F5: West | G5: 45339 | H5: 37 | I5: 4 | J5: 1210 | K5: Delivered
A6: ORD2005 | B6: R115 | C6: =_xlfn.XLOOKUP(B6, Restaurants!$A$2:$A$17, Restaurants!$B$2:$B$17, "Unknown") -> Pind Balluchi | D6: =_xlfn.XLOOKUP(B6, Restaurants!$A$2:$A$17, Restaurants!$D$2:$D$17, "Unknown") -> Dine-in | E6: Italian | F6: Central | G6: 45296 | H6: 37 | I6: 4 | J6: 1270 | K6: Delivered
A7: ORD2006 | B7: R103 | C7: =_xlfn.XLOOKUP(B7, Restaurants!$A$2:$A$17, Restaurants!$B$2:$B$17, "Unknown") -> Mainland China | D7: =_xlfn.XLOOKUP(B7, Restaurants!$A$2:$A$17, Restaurants!$D$2:$D$17, "Unknown") -> Dine-in | E7: Chinese | F7: Central | G7: 45369 | H7: 29 | I7: 4 | J7: 410 | K7: Delivered
A8: ORD2007 | B8: R104 | C8: =_xlfn.XLOOKUP(B8, Restaurants!$A$2:$A$17, Restaurants!$B$2:$B$17, "Unknown") -> Biryani By Kilo | D8: =_xlfn.XLOOKUP(B8, Restaurants!$A$2:$A$17, Restaurants!$D$2:$D$17, "Unknown") -> Cloud Kitchen | E8: Biryani | F8: East | G8: 45376 | H8: 18 | I8: 4 | J8: 270 | K8: Delivered
A9: ORD2008 | B9: R115 | C9: =_xlfn.XLOOKUP(B9, Restaurants!$A$2:$A$17, Restaurants!$B$2:$B$17, "Unknown") -> Pind Balluchi | D9: =_xlfn.XLOOKUP(B9, Restaurants!$A$2:$A$17, Restaurants!$D$2:$D$17, "Unknown") -> Dine-in | E9: Biryani | F9: Central | G9: 45302 | H9: 46 | I9: 3 | J9: 1170 | K9: Delivered
A10: ORD2009 | B10: R101 | C10: =_xlfn.XLOOKUP(B10, Restaurants!$A$2:$A$17, Restaurants!$B$2:$B$17, "Unknown") -> Punjab Grill | D10: =_xlfn.XLOOKUP(B10, Restaurants!$A$2:$A$17, Restaurants!$D$2:$D$17, "Unknown") -> Dine-in | E10: Biryani | F10: North | G10: 45308 | H10: 22 | I10: 4 | J10: 310 | K10: Delivered
A11: ORD2010 | B11: R115 | C11: =_xlfn.XLOOKUP(B11, Restaurants!$A$2:$A$17, Restaurants!$B$2:$B$17, "Unknown") -> Pind Balluchi | D11: =_xlfn.XLOOKUP(B11, Restaurants!$A$2:$A$17, Restaurants!$D$2:$D$17, "Unknown") -> Dine-in | E11: Italian | F11: Central | G11: 45361 | H11: 49 | I11: 4 | J11: 950 | K11: Delivered
A12: ORD2011 | B12: R116 | C12: =_xlfn.XLOOKUP(B12, Restaurants!$A$2:$A$17, Restaurants!$B$2:$B$17, "Unknown") -> Osteria Delizia | D12: =_xlfn.XLOOKUP(B12, Restaurants!$A$2:$A$17, Restaurants!$D$2:$D$17, "Unknown") -> Dine-in | E12: Italian | F12: South | G12: 45321 | H12: 37 | I12: 5 | J12: 650 | K12: Delivered
A13: ORD2012 | B13: R102 | C13: =_xlfn.XLOOKUP(B13, Restaurants!$A$2:$A$17, Restaurants!$B$2:$B$17, "Unknown") -> Bella Italia | D13: =_xlfn.XLOOKUP(B13, Restaurants!$A$2:$A$17, Restaurants!$D$2:$D$17, "Unknown") -> Dine-in | E13: Italian | F13: South | G13: 45340 | H13: 53 | I13: 3 | J13: 730 | K13: Delayed
... A121: ORD2120 | B121: R107 | C121: =_xlfn.XLOOKUP(B121, Restaurants!$A$2:$A$17, Restaurants!$B$2:$B$17, "Unknown") -> Noodle Bar | D121: =_xlfn.XLOOKUP(B121, Restaurants!$A$2:$A$17, Restaurants!$D$2:$D$17, "Unknown") -> QSR | E121: Chinese | F121: West | G121: 45367 | H121: 35 | I121: 3 | J121: 850 | K121: Delivered

Sheet Zone Stats
A1: ZONE PERFORMANCE STATISTICAL SUMMARY
A2: Overall Benchmark: | B2: Overall Median DeliveryTime: | C2: =MEDIAN(tblOrders[DeliveryTime]) -> 33
A4: Zone | B4: DeliveryTime Mean (AVERAGEIF) | C4: DeliveryTime Median | D4: DeliveryTime StdDev (STDEV.S) | E4: Revenue Mean (AVERAGEIF) | F4: Revenue Median | G4: Revenue StdDev (STDEV.S) | H4: Status vs. Overall Median (Conditional Flag)
A5: North | B5: =AVERAGEIF(tblOrders[Zone], A5, tblOrders[DeliveryTime]) -> 28.111111 | C5: {=MEDIAN(IF(tblOrders[Zone]=A5, tblOrders[DeliveryTime]))} -> 28 | D5: {=_xlfn.STDEV.S(IF(tblOrders[Zone]=A5, tblOrders[DeliveryTime]))} -> 7.6376262 | E5: =AVERAGEIF(tblOrders[Zone], A5, tblOrders[Revenue]) -> 808.51852 | F5: {=MEDIAN(IF(tblOrders[Zone]=A5, tblOrders[Revenue]))} -> 790 | G5: {=_xlfn.STDEV.S(IF(tblOrders[Zone]=A5, tblOrders[Revenue]))} -> 368.90382 | H5: =IF(B5>$C$2, "FLAGGED (Above Median)", "Normal (<= Median)") -> Normal (<= Median)
A6: South | B6: =AVERAGEIF(tblOrders[Zone], A6, tblOrders[DeliveryTime]) -> 32.454545 | C6: {=MEDIAN(IF(tblOrders[Zone]=A6, tblOrders[DeliveryTime]))} -> 32 | D6: {=_xlfn.STDEV.S(IF(tblOrders[Zone]=A6, tblOrders[DeliveryTime]))} -> 8.7053748 | E6: =AVERAGEIF(tblOrders[Zone], A6, tblOrders[Revenue]) -> 846.36364 | F6: {=MEDIAN(IF(tblOrders[Zone]=A6, tblOrders[Revenue]))} -> 850 | G6: {=_xlfn.STDEV.S(IF(tblOrders[Zone]=A6, tblOrders[Revenue]))} -> 372.41228 | H6: =IF(B6>$C$2, "FLAGGED (Above Median)", "Normal (<= Median)") -> Normal (<= Median)
A7: East | B7: =AVERAGEIF(tblOrders[Zone], A7, tblOrders[DeliveryTime]) -> 28.958333 | C7: {=MEDIAN(IF(tblOrders[Zone]=A7, tblOrders[DeliveryTime]))} -> 28 | D7: {=_xlfn.STDEV.S(IF(tblOrders[Zone]=A7, tblOrders[DeliveryTime]))} -> 8.36909 | E7: =AVERAGEIF(tblOrders[Zone], A7, tblOrders[Revenue]) -> 910 | F7: {=MEDIAN(IF(tblOrders[Zone]=A7, tblOrders[Revenue]))} -> 1060 | G7: {=_xlfn.STDEV.S(IF(tblOrders[Zone]=A7, tblOrders[Revenue]))} -> 396.41875 | H7: =IF(B7>$C$2, "FLAGGED (Above Median)", "Normal (<= Median)") -> Normal (<= Median)
A8: West | B8: =AVERAGEIF(tblOrders[Zone], A8, tblOrders[DeliveryTime]) -> 38.56 | C8: {=MEDIAN(IF(tblOrders[Zone]=A8, tblOrders[DeliveryTime]))} -> 38 | D8: {=_xlfn.STDEV.S(IF(tblOrders[Zone]=A8, tblOrders[DeliveryTime]))} -> 6.8012254 | E8: =AVERAGEIF(tblOrders[Zone], A8, tblOrders[Revenue]) -> 984.4 | F8: {=MEDIAN(IF(tblOrders[Zone]=A8, tblOrders[Revenue]))} -> 1110 | G8: {=_xlfn.STDEV.S(IF(tblOrders[Zone]=A8, tblOrders[Revenue]))} -> 383.99306 | H8: =IF(B8>$C$2, "FLAGGED (Above Median)", "Normal (<= Median)") -> FLAGGED (Above Median)
A9: Central | B9: =AVERAGEIF(tblOrders[Zone], A9, tblOrders[DeliveryTime]) -> 36.590909 | C9: {=MEDIAN(IF(tblOrders[Zone]=A9, tblOrders[DeliveryTime]))} -> 36.5 | D9: {=_xlfn.STDEV.S(IF(tblOrders[Zone]=A9, tblOrders[DeliveryTime]))} -> 9.5151963 | E9: =AVERAGEIF(tblOrders[Zone], A9, tblOrders[Revenue]) -> 810 | F9: {=MEDIAN(IF(tblOrders[Zone]=A9, tblOrders[Revenue]))} -> 710 | G9: {=_xlfn.STDEV.S(IF(tblOrders[Zone]=A9, tblOrders[Revenue]))} -> 377.15729 | H9: =IF(B9>$C$2, "FLAGGED (Above Median)", "Normal (<= Median)") -> FLAGGED (Above Median)

Sheet Dashboard
A1: FOOD DELIVERY OPERATIONS EXECUTIVE DASHBOARD
A3: TOTAL REVENUE | C3: AVG CUSTOMER RATING | E3: ON-TIME DELIVERY %
A4: =SUM(tblOrders[Revenue]) -> 104720 | C4: =AVERAGE(tblOrders[Rating]) -> 4.0083333 | E4: =COUNTIFS(tblOrders[Status], "Delivered", tblOrders[DeliveryTime], "<=40") / COUNTA(tblOrders[OrderID]) -> 0.65833333
A7: 1. REVENUE BREAKDOWN BY CUISINE & ZONE
A8: Total Revenue | B8: Column Labels
A9: Row Labels | B9: Central | C9: Grand Total
A10: Biryani | B10: 5560 | C10: 5560
A11: Chinese | B11: 5900 | C11: 5900
A12: Italian | B12: 3670 | C12: 3670
A13: North Indian | B13: 2690 | C13: 2690
A14: Grand Total | B14: 17820 | C14: 17820
A18: 2. MONTHLY ORDER VOLUME TRENDS
A19: Row Labels | B19: Order Count
A20: Grand Total
